image_file,pedestrian_pixel_count
rs00001.jpg,27388
rs00003.jpg,67680
rs00011.jpg,53672
rs00012.jpg,3150
rs00015.jpg,1460
rs00018.jpg,1457
rs00025.jpg,2871
rs00026.jpg,715
rs00029.jpg,12200
rs00030.jpg,991
rs00031.jpg,3081
rs00041.jpg,1819
rs00042.jpg,424
rs00044.jpg,1073
rs00048.jpg,5555
rs00050.jpg,21685
rs00051.jpg,80
rs00055.jpg,3
rs00056.jpg,354
rs00057.jpg,39
rs00060.jpg,26255
rs00061.jpg,1371
rs00064.jpg,216
rs00068.jpg,993
rs00072.jpg,240
rs00073.jpg,4300
rs00076.jpg,347
rs00084.jpg,4
rs00086.jpg,6367
rs00087.jpg,1188
rs00092.jpg,71182
rs00095.jpg,152
rs00096.jpg,336
rs00039.jpg,594
rs00079.jpg,241
rs00199.jpg,6968
rs00105.jpg,1768
rs00106.jpg,25101
rs00111.jpg,6
rs00118.jpg,26208
rs00123.jpg,365
rs00127.jpg,142
rs00128.jpg,6234
rs00129.jpg,7136
rs00133.jpg,2646
rs00134.jpg,571
rs00135.jpg,19875
rs00136.jpg,9258
rs00137.jpg,43105
rs00140.jpg,390
rs00147.jpg,7097
rs00148.jpg,5393
rs00151.jpg,1146
rs00153.jpg,3679
rs00157.jpg,250
rs00161.jpg,138
rs00163.jpg,1410
rs00170.jpg,286
rs00171.jpg,314
rs00172.jpg,78931
rs00181.jpg,301
rs00184.jpg,2185
rs00186.jpg,324
rs00187.jpg,40707
rs00188.jpg,1369
rs00201.jpg,3076
rs00202.jpg,2848
rs00204.jpg,7
rs00205.jpg,7456
rs00206.jpg,18745
rs00214.jpg,2964
rs00215.jpg,5174
rs00221.jpg,10901
rs00230.jpg,416
rs00233.jpg,172
rs00237.jpg,2765
rs00246.jpg,15
rs00249.jpg,1240
rs00250.jpg,220
rs00251.jpg,2222
rs00260.jpg,90
rs00261.jpg,47
rs00262.jpg,335
rs00266.jpg,1213
rs00275.jpg,862
rs00278.jpg,3492
rs00282.jpg,8193
rs00284.jpg,28509
rs00285.jpg,16
rs00286.jpg,2745
rs00287.jpg,7818
rs00296.jpg,81
rs00300.jpg,11444
rs00305.jpg,1962
rs00309.jpg,19
rs00311.jpg,1038
rs00313.jpg,5198
rs00314.jpg,1715
rs00317.jpg,2718
rs00320.jpg,722
rs00321.jpg,537
rs00323.jpg,213
rs00324.jpg,7765
rs00329.jpg,13243
rs00330.jpg,694
rs00331.jpg,12186
rs00332.jpg,2
rs00336.jpg,1364
rs00340.jpg,1602
rs00345.jpg,1967
rs00346.jpg,14642
rs00349.jpg,3804
rs00350.jpg,6630
rs00352.jpg,3363
rs00357.jpg,14
rs00362.jpg,25533
rs00363.jpg,2
rs00366.jpg,34
rs00368.jpg,784
rs00369.jpg,2495
rs00372.jpg,31
rs00376.jpg,24709
rs00377.jpg,1661
rs00378.jpg,5411
rs00388.jpg,16273
rs00395.jpg,1002
rs00396.jpg,52
rs00398.jpg,1385
rs00406.jpg,604
rs00412.jpg,80
rs00417.jpg,7724
rs00420.jpg,862
rs00421.jpg,1420
rs00431.jpg,138
rs00444.jpg,2094
rs00445.jpg,592
rs00447.jpg,404
rs00448.jpg,4
rs00452.jpg,1453
rs00455.jpg,6
rs00462.jpg,20653
rs00467.jpg,113
rs00487.jpg,11
rs00490.jpg,9
rs00492.jpg,4121
rs00497.jpg,57328
rs00498.jpg,3513
rs00500.jpg,471
rs00503.jpg,218
rs00505.jpg,19827
rs00506.jpg,13727
rs00508.jpg,11785
rs00512.jpg,112
rs00518.jpg,194
rs00529.jpg,5587
rs00530.jpg,248
rs00531.jpg,6
rs00536.jpg,12893
rs00542.jpg,277
rs00544.jpg,421
rs00549.jpg,7337
rs00560.jpg,176397
rs00575.jpg,4421
rs00580.jpg,266
rs00583.jpg,978
rs00584.jpg,392507
rs00586.jpg,83
rs00588.jpg,1004
rs00589.jpg,30
rs00590.jpg,859
rs00594.jpg,135
rs00600.jpg,18
rs00602.jpg,379
rs00604.jpg,39367
rs00606.jpg,105296
rs00623.jpg,5
rs00624.jpg,639
rs00628.jpg,26380
rs00631.jpg,4917
rs00636.jpg,2085
rs00648.jpg,770
rs00650.jpg,1473
rs00651.jpg,5950
rs00654.jpg,138
rs00656.jpg,1071
rs00658.jpg,92073
rs00663.jpg,2686
rs00664.jpg,1
rs00666.jpg,93
rs00671.jpg,2296
rs00674.jpg,72
rs00691.jpg,4289
rs00702.jpg,600
rs00713.jpg,29627
rs00714.jpg,13893
rs00715.jpg,80
rs00720.jpg,17879
rs00721.jpg,2752
rs00725.jpg,9479
rs00728.jpg,315
rs00729.jpg,6140
rs00732.jpg,83947
rs00736.jpg,544
rs00439.jpg,2051
rs00559.jpg,46169
rs00619.jpg,169
rs00639.jpg,2200
rs00699.jpg,6
rs00740.jpg,7
rs00745.jpg,460
rs00749.jpg,498
rs00751.jpg,164
rs00752.jpg,14075
rs00754.jpg,1935
rs00757.jpg,247
rs00775.jpg,19556
rs00776.jpg,53018
rs00784.jpg,237
rs00785.jpg,580
rs00787.jpg,41046
rs00793.jpg,4692
rs00797.jpg,1611
rs00800.jpg,924
rs00814.jpg,16564
rs00820.jpg,91
rs00823.jpg,191
rs00835.jpg,3423
rs00836.jpg,357
rs00837.jpg,202
rs00841.jpg,6414
rs00844.jpg,1563
rs00845.jpg,60
rs00847.jpg,19011
rs00849.jpg,32
rs00850.jpg,98
rs00871.jpg,10245
rs00872.jpg,81
rs00876.jpg,250
rs00881.jpg,77
rs00883.jpg,6
rs00886.jpg,7705
rs00889.jpg,28
rs00893.jpg,12100
rs00900.jpg,21544
rs00904.jpg,299
rs00908.jpg,270
rs00909.jpg,1039
rs00911.jpg,5058
rs00923.jpg,54
rs00927.jpg,99
rs00929.jpg,34319
rs00932.jpg,13377
rs00936.jpg,8
rs00942.jpg,225
rs00945.jpg,65
rs00949.jpg,2452
rs00952.jpg,175
rs00957.jpg,1117
rs00960.jpg,219
rs00966.jpg,4559
rs00969.jpg,190
rs00971.jpg,13338
rs00973.jpg,5572
rs00974.jpg,5548
rs00981.jpg,11603
rs00982.jpg,3594
rs00985.jpg,540
rs00987.jpg,1731
rs00988.jpg,197
rs00991.jpg,5547
rs01000.jpg,1584
rs01001.jpg,69334
rs01004.jpg,19555
rs01007.jpg,1451
rs01014.jpg,285
rs01016.jpg,20493
rs01018.jpg,764
rs01024.jpg,76
rs01029.jpg,2
rs01031.jpg,50390
rs01036.jpg,4439
rs01038.jpg,44
rs01046.jpg,23205
rs01051.jpg,10082
rs01056.jpg,170
rs01063.jpg,35
rs01071.jpg,554
rs01072.jpg,4318
rs01073.jpg,985
rs01083.jpg,364
rs01085.jpg,1937
rs01088.jpg,1642
rs01090.jpg,1821
rs01094.jpg,4437
rs01095.jpg,169
rs01096.jpg,33
rs01097.jpg,95380
rs00779.jpg,1
rs00799.jpg,19426
rs01019.jpg,1575
rs01101.jpg,334
rs01103.jpg,181
rs01109.jpg,2221
rs01112.jpg,27
rs01118.jpg,2107
rs01124.jpg,3204
rs01126.jpg,11
rs01129.jpg,39667
rs01130.jpg,106
rs01137.jpg,1
rs01141.jpg,5919
rs01142.jpg,1742
rs01143.jpg,30033
rs01145.jpg,46179
rs01148.jpg,2018
rs01150.jpg,603
rs01156.jpg,3364
rs01158.jpg,1643
rs01162.jpg,93117
rs01171.jpg,23066
rs01173.jpg,595
rs01175.jpg,548
rs01177.jpg,1444
rs01180.jpg,1064
rs01188.jpg,308
rs01195.jpg,9300
rs01200.jpg,1294
rs01201.jpg,8679
rs01203.jpg,808
rs01206.jpg,12629
rs01207.jpg,16422
rs01209.jpg,1838
rs01216.jpg,678
rs01217.jpg,4354
rs01218.jpg,7341
rs01225.jpg,319
rs01226.jpg,443
rs01228.jpg,82578
rs01232.jpg,30
rs01233.jpg,728
rs01238.jpg,3734
rs01240.jpg,12
rs01249.jpg,2
rs01253.jpg,231
rs01260.jpg,1843
rs01262.jpg,14018
rs01264.jpg,205
rs01272.jpg,2193
rs01274.jpg,17278
rs01275.jpg,366
rs01278.jpg,3563
rs01285.jpg,343
rs01289.jpg,74939
rs01291.jpg,6438
rs01294.jpg,8833
rs01296.jpg,6804
rs01300.jpg,3894
rs01303.jpg,2333
rs01305.jpg,31865
rs01308.jpg,89
rs01309.jpg,4671
rs01317.jpg,7
rs01325.jpg,1850
rs01328.jpg,758
rs01336.jpg,115
rs01337.jpg,43
rs01341.jpg,28
rs01344.jpg,1874
rs01346.jpg,556
rs01351.jpg,6303
rs01352.jpg,423
rs01360.jpg,43185
rs01363.jpg,1097
rs01365.jpg,15819
rs01368.jpg,178
rs01371.jpg,1358
rs01377.jpg,4681
rs01378.jpg,565
rs01384.jpg,891
rs01385.jpg,361
rs01388.jpg,59869
rs01391.jpg,32879
rs01392.jpg,1227
rs01400.jpg,6
rs01404.jpg,68
rs01409.jpg,607
rs01412.jpg,43121
rs01415.jpg,6328
rs01424.jpg,988
rs01431.jpg,230
rs01434.jpg,629
rs01436.jpg,1
rs01453.jpg,275
rs01456.jpg,36
rs01458.jpg,2613
rs01239.jpg,5810
rs01299.jpg,14341
rs01319.jpg,75920
rs01339.jpg,9187
rs01359.jpg,304
rs01379.jpg,2473
rs01419.jpg,60
rs01460.jpg,538
rs01462.jpg,1725
rs01463.jpg,36
rs01467.jpg,20257
rs01471.jpg,694
rs01475.jpg,12258
rs01483.jpg,160
rs01485.jpg,18612
rs01488.jpg,22290
rs01506.jpg,161
rs01510.jpg,2772
rs01517.jpg,17090
rs01520.jpg,207
rs01525.jpg,27975
rs01536.jpg,41472
rs01537.jpg,475
rs01545.jpg,880
rs01551.jpg,11144
rs01552.jpg,78
rs01553.jpg,2113
rs01555.jpg,69630
rs01557.jpg,21
rs01561.jpg,89
rs01565.jpg,1314
rs01577.jpg,6485
rs01581.jpg,109810
rs01583.jpg,1248
rs01587.jpg,293
rs01588.jpg,3349
rs01589.jpg,5004
rs01591.jpg,31752
rs01601.jpg,3050
rs01604.jpg,30837
rs01607.jpg,1571
rs01608.jpg,1981
rs01610.jpg,52244
rs01614.jpg,6
rs01617.jpg,873
rs01618.jpg,2837
rs01621.jpg,8632
rs01622.jpg,1300
rs01627.jpg,3423
rs01628.jpg,596
rs01629.jpg,11095
rs01634.jpg,20
rs01645.jpg,1358
rs01646.jpg,100
rs01647.jpg,17
rs01651.jpg,13531
rs01652.jpg,273
rs01654.jpg,1511
rs01655.jpg,2146
rs01664.jpg,52773
rs01670.jpg,1150
rs01674.jpg,7470
rs01678.jpg,237
rs01680.jpg,21
rs01681.jpg,2256
rs01686.jpg,2379
rs01687.jpg,1667
rs01696.jpg,9713
rs01705.jpg,133
rs01706.jpg,908
rs01715.jpg,80
rs01720.jpg,511
rs01722.jpg,11
rs01725.jpg,245
rs01727.jpg,199
rs01729.jpg,46
rs01740.jpg,576
rs01742.jpg,11
rs01751.jpg,52496
rs01754.jpg,96
rs01756.jpg,200952
rs01763.jpg,11765
rs01771.jpg,116211
rs01773.jpg,11271
rs01776.jpg,11493
rs01778.jpg,101
rs01781.jpg,1215
rs01782.jpg,334
rs01784.jpg,2181
rs01789.jpg,311
rs01797.jpg,3815
rs01806.jpg,9139
rs01808.jpg,722
rs01811.jpg,2620
rs01818.jpg,581
rs01479.jpg,10945
rs01599.jpg,34724
rs01679.jpg,436
rs01719.jpg,28026
rs01759.jpg,10
rs01439.jpg,6064
rs01799.jpg,14
rs03239.jpg,2054
rs05399.jpg,4330
rs05759.jpg,11354
rs07199.jpg,3
rs07919.jpg,1309
rs01822.jpg,15204
rs01823.jpg,698
rs01831.jpg,1251
rs01833.jpg,1217
rs01840.jpg,1894
rs01841.jpg,114409
rs01843.jpg,42
rs01851.jpg,97
rs01852.jpg,188
rs01856.jpg,10831
rs01857.jpg,137
rs01867.jpg,22238
rs01871.jpg,15279
rs01878.jpg,61361
rs01880.jpg,468
rs01882.jpg,1179
rs01884.jpg,11
rs01887.jpg,349
rs01888.jpg,117
rs01889.jpg,207
rs01890.jpg,137
rs01891.jpg,1601
rs01892.jpg,8
rs01897.jpg,43
rs01901.jpg,50556
rs01903.jpg,5849
rs01910.jpg,1103
rs01912.jpg,4697
rs01913.jpg,84
rs01916.jpg,204
rs01917.jpg,5983
rs01918.jpg,86
rs01921.jpg,21718
rs01926.jpg,749
rs01929.jpg,586
rs01934.jpg,1423
rs01942.jpg,5710
rs01946.jpg,69
rs01947.jpg,26071
rs01950.jpg,14680
rs01953.jpg,91
rs01963.jpg,154
rs01967.jpg,38
rs01970.jpg,620
rs01974.jpg,2188
rs01978.jpg,6692
rs01983.jpg,10
rs01984.jpg,1591
rs01986.jpg,4437
rs01989.jpg,13650
rs01990.jpg,2992
rs01995.jpg,674
rs02000.jpg,22779
rs02001.jpg,227
rs02002.jpg,338
rs02004.jpg,25564
rs02007.jpg,391
rs02008.jpg,39276
rs02010.jpg,82
rs02012.jpg,1873
rs02013.jpg,2
rs02015.jpg,92
rs02017.jpg,1
rs02026.jpg,60327
rs02027.jpg,13987
rs02032.jpg,7378
rs02033.jpg,15036
rs02052.jpg,1600
rs02054.jpg,675
rs02056.jpg,18506
rs02057.jpg,135968
rs02058.jpg,2643
rs02061.jpg,5
rs02064.jpg,9507
rs02065.jpg,89
rs02069.jpg,90
rs02073.jpg,26
rs02086.jpg,1834
rs02089.jpg,4280
rs02095.jpg,3473
rs02096.jpg,224
rs02105.jpg,36130
rs02109.jpg,151
rs02110.jpg,2031
rs02114.jpg,1084
rs02116.jpg,3846
rs02117.jpg,1300
rs02127.jpg,158
rs02129.jpg,2211
rs02131.jpg,464
rs02135.jpg,3800
rs02136.jpg,2528
rs02142.jpg,14802
rs02148.jpg,7452
rs02149.jpg,9
rs02152.jpg,175
rs02157.jpg,10764
rs02165.jpg,105
rs02168.jpg,207
rs02173.jpg,1334
rs01819.jpg,1638
rs01859.jpg,203565
rs01979.jpg,5663
rs02019.jpg,378
rs02184.jpg,36531
rs02185.jpg,115202
rs02186.jpg,1581
rs02187.jpg,250
rs02190.jpg,90
rs02194.jpg,111
rs02196.jpg,13020
rs02200.jpg,58
rs02201.jpg,1879
rs02203.jpg,400
rs02205.jpg,77
rs02206.jpg,313
rs02208.jpg,2729
rs02210.jpg,12829
rs02211.jpg,483
rs02212.jpg,7313
rs02213.jpg,3757
rs02214.jpg,23534
rs02223.jpg,2384
rs02224.jpg,2417
rs02233.jpg,2824
rs02240.jpg,110
rs02248.jpg,128
rs02250.jpg,356
rs02251.jpg,19422
rs02253.jpg,1093
rs02258.jpg,127
rs02260.jpg,136
rs02262.jpg,6868
rs02263.jpg,543
rs02267.jpg,39
rs02268.jpg,287
rs02274.jpg,31262
rs02278.jpg,7779
rs02288.jpg,8
rs02292.jpg,2497
rs02293.jpg,82013
rs02302.jpg,4239
rs02309.jpg,19498
rs02313.jpg,1607
rs02314.jpg,297
rs02320.jpg,1575
rs02326.jpg,3970
rs02327.jpg,831
rs02335.jpg,2836
rs02336.jpg,1345
rs02341.jpg,369
rs02345.jpg,5578
rs02346.jpg,97190
rs02349.jpg,2465
rs02353.jpg,117
rs02356.jpg,4781
rs02358.jpg,79935
rs02364.jpg,49
rs02366.jpg,7161
rs02367.jpg,6865
rs02369.jpg,860
rs02372.jpg,13
rs02374.jpg,144
rs02375.jpg,755
rs02376.jpg,1818
rs02381.jpg,14
rs02385.jpg,5956
rs02389.jpg,2036
rs02391.jpg,23
rs02393.jpg,162
rs02398.jpg,65277
rs02400.jpg,1513
rs02403.jpg,22503
rs02405.jpg,1429
rs02407.jpg,692
rs02408.jpg,26450
rs02410.jpg,6
rs02414.jpg,279
rs02416.jpg,19776
rs02420.jpg,9157
rs02425.jpg,1010
rs02427.jpg,21817
rs02429.jpg,5874
rs02430.jpg,8326
rs02431.jpg,514
rs02435.jpg,1
rs02440.jpg,1482
rs02441.jpg,1446
rs02447.jpg,1367
rs02451.jpg,4557
rs02454.jpg,653
rs02457.jpg,2642
rs02461.jpg,41
rs02462.jpg,34285
rs02464.jpg,205
rs02471.jpg,2326
rs02481.jpg,734
rs02482.jpg,54593
rs02483.jpg,3890
rs02488.jpg,24879
rs02494.jpg,4113
rs02496.jpg,623
rs02500.jpg,707
rs02507.jpg,435
rs02512.jpg,382
rs02517.jpg,10636
rs02520.jpg,16801
rs02522.jpg,124
rs02527.jpg,3044
rs02529.jpg,2036
rs02530.jpg,13797
rs02531.jpg,12031
rs02532.jpg,2071
rs02538.jpg,3598
rs02199.jpg,440
rs02299.jpg,102864
rs02359.jpg,164
rs02379.jpg,1797
rs02545.jpg,43
rs02547.jpg,229
rs02548.jpg,125213
rs02550.jpg,167172
rs02552.jpg,766
rs02561.jpg,10797
rs02565.jpg,2161
rs02567.jpg,261
rs02571.jpg,89
rs02576.jpg,1603
rs02586.jpg,20905
rs02589.jpg,444
rs02597.jpg,2108
rs02605.jpg,29927
rs02614.jpg,17715
rs02617.jpg,19
rs02623.jpg,157
rs02629.jpg,1733
rs02631.jpg,2967
rs02642.jpg,347
rs02645.jpg,79
rs02646.jpg,35591
rs02647.jpg,1332
rs02650.jpg,28094
rs02651.jpg,12091
rs02653.jpg,9627
rs02654.jpg,2381
rs02664.jpg,4783
rs02665.jpg,1401
rs02677.jpg,513
rs02678.jpg,713
rs02685.jpg,8754
rs02688.jpg,17
rs02690.jpg,199
rs02693.jpg,78
rs02694.jpg,371
rs02705.jpg,1398
rs02710.jpg,399
rs02711.jpg,64
rs02717.jpg,4
rs02724.jpg,1895
rs02725.jpg,23
rs02726.jpg,15
rs02729.jpg,34
rs02735.jpg,16260
rs02736.jpg,1417
rs02751.jpg,787
rs02753.jpg,4
rs02756.jpg,1615
rs02758.jpg,272
rs02760.jpg,410
rs02762.jpg,6646
rs02767.jpg,217
rs02769.jpg,310
rs02770.jpg,5591
rs02773.jpg,353
rs02782.jpg,5379
rs02783.jpg,386
rs02790.jpg,2
rs02791.jpg,10116
rs02793.jpg,7
rs02794.jpg,127077
rs02795.jpg,20
rs02797.jpg,58
rs02798.jpg,53064
rs02802.jpg,615
rs02803.jpg,140108
rs02805.jpg,1922
rs02828.jpg,753
rs02831.jpg,530
rs02832.jpg,89937
rs02834.jpg,45584
rs02835.jpg,62
rs02836.jpg,12001
rs02843.jpg,1338
rs02846.jpg,16210
rs02849.jpg,14
rs02850.jpg,128
rs02851.jpg,731
rs02855.jpg,5776
rs02857.jpg,46
rs02867.jpg,859
rs02868.jpg,26385
rs02870.jpg,49
rs02875.jpg,11794
rs02878.jpg,5659
rs02883.jpg,639
rs02885.jpg,349
rs02886.jpg,610
rs02888.jpg,2004
rs02889.jpg,346
rs02898.jpg,41570
rs02659.jpg,10955
rs02699.jpg,2417
rs02779.jpg,71
rs02859.jpg,376
rs02900.jpg,126554
rs02902.jpg,57
rs02904.jpg,2101
rs02906.jpg,67957
rs02907.jpg,199
rs02910.jpg,116
rs02912.jpg,6209
rs02916.jpg,7062
rs02923.jpg,51
rs02925.jpg,3494
rs02928.jpg,118
rs02931.jpg,15726
rs02932.jpg,120914
rs02936.jpg,262
rs02937.jpg,1012
rs02940.jpg,8150
rs02947.jpg,33566
rs02961.jpg,222993
rs02963.jpg,53910
rs02964.jpg,27995
rs02966.jpg,12945
rs02967.jpg,58
rs02974.jpg,4
rs02976.jpg,1942
rs02978.jpg,3832
rs02983.jpg,843
rs02988.jpg,247441
rs02994.jpg,66
rs02996.jpg,295
rs02998.jpg,2
rs03001.jpg,31141
rs03003.jpg,278
rs03004.jpg,1536
rs03005.jpg,8667
rs03007.jpg,809
rs03012.jpg,7408
rs03015.jpg,89
rs03016.jpg,200
rs03024.jpg,3607
rs03025.jpg,69
rs03026.jpg,359
rs03029.jpg,6105
rs03034.jpg,2651
rs03041.jpg,1425
rs03043.jpg,16690
rs03045.jpg,181
rs03051.jpg,26741
rs03052.jpg,581
rs03068.jpg,966
rs03069.jpg,19187
rs03070.jpg,646
rs03075.jpg,24
rs03080.jpg,356
rs03083.jpg,103942
rs03094.jpg,17
rs03096.jpg,4734
rs03098.jpg,1397
rs03102.jpg,12724
rs03104.jpg,7825
rs03105.jpg,339
rs03109.jpg,290
rs03110.jpg,643
rs03113.jpg,51784
rs03122.jpg,58268
rs03123.jpg,168
rs03127.jpg,165795
rs03131.jpg,3016
rs03133.jpg,33213
rs03140.jpg,20
rs03148.jpg,102077
rs03150.jpg,6
rs03154.jpg,308058
rs03155.jpg,164
rs03156.jpg,1203
rs03157.jpg,474
rs03162.jpg,2134
rs03163.jpg,618
rs03165.jpg,686
rs03168.jpg,5266
rs03171.jpg,1378
rs03173.jpg,333
rs03174.jpg,3373
rs03177.jpg,134
rs03188.jpg,6931
rs03197.jpg,6
rs03200.jpg,162
rs03210.jpg,381
rs03218.jpg,72
rs03221.jpg,125
rs03223.jpg,40
rs03228.jpg,701
rs03230.jpg,390
rs03240.jpg,71420
rs03246.jpg,2473
rs03247.jpg,81
rs03248.jpg,57
rs03253.jpg,1490
rs03254.jpg,542
rs03255.jpg,707
rs03019.jpg,52094
rs03079.jpg,1302
rs03099.jpg,480
rs03159.jpg,32
rs03269.jpg,1401
rs03276.jpg,5153
rs03277.jpg,547
rs03278.jpg,9400
rs03281.jpg,1287
rs03283.jpg,1885
rs03284.jpg,222
rs03288.jpg,383
rs03291.jpg,1781
rs03292.jpg,67
rs03303.jpg,3469
rs03306.jpg,2820
rs03320.jpg,1106
rs03324.jpg,29677
rs03329.jpg,236114
rs03333.jpg,1699
rs03334.jpg,52488
rs03335.jpg,344
rs03342.jpg,301
rs03345.jpg,4263
rs03347.jpg,4350
rs03351.jpg,1197
rs03352.jpg,2836
rs03354.jpg,797
rs03375.jpg,10084
rs03383.jpg,16
rs03387.jpg,21
rs03388.jpg,982
rs03390.jpg,9476
rs03402.jpg,6
rs03407.jpg,5597
rs03410.jpg,7
rs03411.jpg,57827
rs03413.jpg,283
rs03417.jpg,1044
rs03423.jpg,161202
rs03424.jpg,22817
rs03434.jpg,15711
rs03437.jpg,679
rs03438.jpg,49
rs03442.jpg,140277
rs03444.jpg,372
rs03451.jpg,5328
rs03453.jpg,3514
rs03457.jpg,7467
rs03462.jpg,652
rs03469.jpg,214
rs03473.jpg,4114
rs03484.jpg,11540
rs03487.jpg,1165
rs03492.jpg,31
rs03502.jpg,6
rs03508.jpg,247
rs03511.jpg,37
rs03515.jpg,1682
rs03522.jpg,1287
rs03525.jpg,52796
rs03526.jpg,6384
rs03528.jpg,107
rs03532.jpg,6541
rs03538.jpg,769
rs03540.jpg,81
rs03541.jpg,9085
rs03542.jpg,9263
rs03546.jpg,1220
rs03549.jpg,1083
rs03550.jpg,86659
rs03554.jpg,550
rs03555.jpg,2052
rs03556.jpg,395
rs03563.jpg,1638
rs03569.jpg,192
rs03574.jpg,54230
rs03576.jpg,65
rs03578.jpg,840
rs03583.jpg,6589
rs03585.jpg,20
rs03589.jpg,9734
rs03597.jpg,973
rs03601.jpg,5908
rs03606.jpg,3036
rs03609.jpg,38
rs03610.jpg,1509
rs03614.jpg,20
rs03615.jpg,31170
rs03259.jpg,4980
rs03319.jpg,1852
rs03339.jpg,29
rs03419.jpg,780
rs03479.jpg,4893
rs03626.jpg,245
rs03630.jpg,12059
rs03632.jpg,1354
rs03634.jpg,19977
rs03635.jpg,84
rs03637.jpg,1769
rs03646.jpg,1360
rs03651.jpg,1510
rs03656.jpg,7983
rs03666.jpg,183
rs03670.jpg,63
rs03673.jpg,32189
rs03674.jpg,9707
rs03675.jpg,10213
rs03678.jpg,551
rs03684.jpg,145701
rs03688.jpg,253
rs03692.jpg,34
rs03695.jpg,67648
rs03696.jpg,3959
rs03698.jpg,2190
rs03705.jpg,3812
rs03710.jpg,6
rs03713.jpg,658
rs03714.jpg,94
rs03715.jpg,124279
rs03718.jpg,309
rs03728.jpg,246
rs03729.jpg,3173
rs03730.jpg,5317
rs03738.jpg,426
rs03749.jpg,3781
rs03753.jpg,357
rs03764.jpg,6274
rs03766.jpg,361
rs03768.jpg,6
rs03772.jpg,47
rs03773.jpg,11938
rs03774.jpg,1537
rs03781.jpg,6
rs03785.jpg,82
rs03788.jpg,97
rs03790.jpg,49
rs03794.jpg,12105
rs03803.jpg,8
rs03810.jpg,146
rs03817.jpg,1520
rs03823.jpg,241
rs03826.jpg,261
rs03840.jpg,142162
rs03842.jpg,12898
rs03845.jpg,11
rs03849.jpg,1207
rs03853.jpg,506
rs03855.jpg,5509
rs03857.jpg,1280
rs03862.jpg,1058
rs03864.jpg,2023
rs03865.jpg,309720
rs03871.jpg,1702
rs03873.jpg,59
rs03875.jpg,814
rs03876.jpg,154
rs03887.jpg,1243
rs03890.jpg,511
rs03896.jpg,3565
rs03897.jpg,633
rs03898.jpg,367
rs03900.jpg,2091
rs03902.jpg,1800
rs03903.jpg,7868
rs03904.jpg,2268
rs03905.jpg,65917
rs03917.jpg,39463
rs03918.jpg,2708
rs03920.jpg,3294
rs03925.jpg,105013
rs03928.jpg,351
rs03933.jpg,362
rs03934.jpg,157
rs03938.jpg,4
rs03945.jpg,1362
rs03948.jpg,16
rs03950.jpg,2630
rs03952.jpg,1293
rs03956.jpg,1552
rs03957.jpg,538
rs03960.jpg,82
rs03962.jpg,123
rs03968.jpg,42
rs03969.jpg,302
rs03973.jpg,30408
rs03974.jpg,94297
rs03978.jpg,41862
rs03699.jpg,2265
rs03719.jpg,1634
rs03899.jpg,32559
rs03919.jpg,1733
rs03939.jpg,1379
rs03981.jpg,80517
rs03982.jpg,44
rs03983.jpg,119724
rs03985.jpg,71
rs03986.jpg,619
rs03989.jpg,9371
rs03995.jpg,404
rs03996.jpg,34862
rs03997.jpg,175
rs04004.jpg,14337
rs04012.jpg,2352
rs04013.jpg,837
rs04017.jpg,213
rs04024.jpg,17626
rs04029.jpg,7166
rs04035.jpg,15
rs04037.jpg,476
rs04040.jpg,581
rs04042.jpg,1268
rs04043.jpg,1276
rs04045.jpg,524
rs04046.jpg,8827
rs04047.jpg,4251
rs04048.jpg,8380
rs04052.jpg,1365
rs04057.jpg,2063
rs04063.jpg,335
rs04065.jpg,26
rs04066.jpg,54898
rs04067.jpg,2816
rs04074.jpg,2893
rs04082.jpg,14
rs04083.jpg,1
rs04096.jpg,941
rs04098.jpg,6
rs04105.jpg,147
rs04114.jpg,544
rs04115.jpg,4875
rs04116.jpg,4543
rs04120.jpg,5457
rs04122.jpg,59
rs04136.jpg,3
rs04141.jpg,187014
rs04160.jpg,1558
rs04161.jpg,3026
rs04162.jpg,1210
rs04165.jpg,774
rs04172.jpg,656
rs04173.jpg,52332
rs04174.jpg,9572
rs04182.jpg,11
rs04183.jpg,20
rs04186.jpg,560
rs04196.jpg,5
rs04203.jpg,106
rs04207.jpg,740
rs04209.jpg,212
rs04213.jpg,2322
rs04220.jpg,49738
rs04221.jpg,5038
rs04222.jpg,157
rs04224.jpg,36
rs04227.jpg,35
rs04229.jpg,694
rs04240.jpg,7
rs04242.jpg,2176
rs04243.jpg,989
rs04248.jpg,82
rs04250.jpg,2519
rs04251.jpg,28361
rs04258.jpg,2170
rs04261.jpg,1050
rs04267.jpg,18771
rs04274.jpg,5383
rs04281.jpg,15110
rs04285.jpg,55
rs04288.jpg,2016
rs04290.jpg,2436
rs04300.jpg,27586
rs04302.jpg,38
rs04305.jpg,789
rs04310.jpg,234
rs04312.jpg,8581
rs04321.jpg,719
rs04324.jpg,43090
rs04327.jpg,823
rs04329.jpg,5226
rs04330.jpg,61
rs04039.jpg,29
rs04099.jpg,2754
rs04139.jpg,795
rs04179.jpg,173
rs04239.jpg,265
rs04259.jpg,1983
rs04340.jpg,1518
rs04344.jpg,26
rs04345.jpg,13374
rs04347.jpg,5428
rs04355.jpg,7138
rs04358.jpg,4
rs04360.jpg,1999
rs04362.jpg,412
rs04365.jpg,9933
rs04367.jpg,901
rs04368.jpg,23771
rs04377.jpg,70769
rs04378.jpg,3218
rs04387.jpg,1209
rs04388.jpg,3629
rs04391.jpg,80
rs04393.jpg,3154
rs04398.jpg,1449
rs04400.jpg,2002
rs04401.jpg,1823
rs04404.jpg,271
rs04407.jpg,4
rs04410.jpg,82
rs04411.jpg,1132
rs04420.jpg,912
rs04421.jpg,33991
rs04422.jpg,1232
rs04426.jpg,53413
rs04428.jpg,17
rs04436.jpg,3297
rs04437.jpg,72464
rs04443.jpg,4975
rs04446.jpg,65
rs04447.jpg,192
rs04452.jpg,16
rs04455.jpg,441
rs04456.jpg,20678
rs04462.jpg,11
rs04463.jpg,208
rs04464.jpg,438
rs04467.jpg,5136
rs04470.jpg,5694
rs04472.jpg,10553
rs04473.jpg,5168
rs04474.jpg,99691
rs04478.jpg,2560
rs04484.jpg,162
rs04486.jpg,143
rs04493.jpg,2312
rs04496.jpg,452
rs04497.jpg,52485
rs04501.jpg,1814
rs04504.jpg,64
rs04506.jpg,1099
rs04508.jpg,194
rs04509.jpg,1618
rs04512.jpg,2761
rs04515.jpg,18
rs04516.jpg,415
rs04518.jpg,773
rs04521.jpg,1633
rs04523.jpg,4332
rs04528.jpg,8678
rs04532.jpg,4594
rs04533.jpg,10
rs04536.jpg,46
rs04541.jpg,279
rs04544.jpg,1274
rs04545.jpg,5421
rs04546.jpg,1800
rs04551.jpg,125
rs04552.jpg,43
rs04553.jpg,436
rs04555.jpg,676
rs04557.jpg,1
rs04561.jpg,694
rs04562.jpg,317
rs04570.jpg,6969
rs04573.jpg,6333
rs04577.jpg,13944
rs04580.jpg,687
rs04587.jpg,66662
rs04589.jpg,817
rs04590.jpg,1745
rs04591.jpg,55802
rs04596.jpg,7435
rs04609.jpg,301
rs04611.jpg,9164
rs04613.jpg,2307
rs04614.jpg,37
rs04615.jpg,624
rs04617.jpg,4
rs04620.jpg,631
rs04622.jpg,7637
rs04625.jpg,1488
rs04629.jpg,13
rs04636.jpg,96
rs04640.jpg,2724
rs04641.jpg,6095
rs04651.jpg,202
rs04656.jpg,893
rs04660.jpg,1335
rs04662.jpg,3011
rs04667.jpg,67
rs04668.jpg,133409
rs04670.jpg,1547
rs04675.jpg,10
rs04677.jpg,115
rs04678.jpg,274
rs04685.jpg,13
rs04686.jpg,53
rs04688.jpg,257
rs04690.jpg,297
rs04691.jpg,49
rs04696.jpg,1473
rs04459.jpg,710
rs04499.jpg,289
rs04559.jpg,14212
rs04707.jpg,11977
rs04715.jpg,5066
rs04716.jpg,1102
rs04723.jpg,78
rs04726.jpg,334
rs04727.jpg,2642
rs04729.jpg,226
rs04732.jpg,138
rs04733.jpg,24298
rs04740.jpg,52
rs04744.jpg,511
rs04746.jpg,48859
rs04747.jpg,2540
rs04753.jpg,3990
rs04754.jpg,1272
rs04756.jpg,125
rs04761.jpg,5213
rs04767.jpg,1203
rs04771.jpg,967
rs04772.jpg,8541
rs04776.jpg,12496
rs04780.jpg,10944
rs04782.jpg,2100
rs04783.jpg,1338
rs04784.jpg,17
rs04786.jpg,68604
rs04787.jpg,17169
rs04788.jpg,1657
rs04792.jpg,3397
rs04794.jpg,42776
rs04795.jpg,15417
rs04796.jpg,2
rs04797.jpg,11
rs04798.jpg,1777
rs04800.jpg,220
rs04801.jpg,225161
rs04803.jpg,92
rs04804.jpg,192
rs04809.jpg,530
rs04811.jpg,469
rs04815.jpg,10335
rs04827.jpg,433
rs04828.jpg,855
rs04829.jpg,60129
rs04833.jpg,1315
rs04837.jpg,3
rs04840.jpg,49639
rs04845.jpg,116
rs04846.jpg,539
rs04854.jpg,865
rs04856.jpg,4252
rs04860.jpg,437
rs04866.jpg,10663
rs04869.jpg,25989
rs04871.jpg,316
rs04880.jpg,120307
rs04884.jpg,3423
rs04890.jpg,14303
rs04892.jpg,12797
rs04893.jpg,2895
rs04895.jpg,132
rs04896.jpg,3511
rs04902.jpg,2102
rs04904.jpg,698
rs04906.jpg,2795
rs04911.jpg,305
rs04913.jpg,1460
rs04914.jpg,11
rs04915.jpg,894
rs04916.jpg,1350
rs04920.jpg,15918
rs04921.jpg,37
rs04924.jpg,25
rs04927.jpg,33718
rs04934.jpg,12831
rs04937.jpg,2325
rs04945.jpg,14480
rs04947.jpg,195
rs04948.jpg,651
rs04952.jpg,477
rs04956.jpg,459
rs04962.jpg,1814
rs04964.jpg,6007
rs04972.jpg,699
rs04989.jpg,3501
rs05004.jpg,230
rs05007.jpg,33
rs05012.jpg,301
rs05014.jpg,4
rs05015.jpg,153646
rs05017.jpg,2235
rs05022.jpg,4082
rs05027.jpg,519
rs05028.jpg,101
rs05030.jpg,12
rs05033.jpg,30
rs05034.jpg,153
rs05035.jpg,109781
rs05045.jpg,194
rs05048.jpg,6922
rs05049.jpg,509
rs05051.jpg,47899
rs05052.jpg,78
rs05056.jpg,1175
rs04739.jpg,491
rs04979.jpg,663
rs05063.jpg,129580
rs05064.jpg,3128
rs05066.jpg,42929
rs05067.jpg,210
rs05069.jpg,84
rs05080.jpg,7917
rs05082.jpg,68866
rs05087.jpg,4003
rs05090.jpg,9239
rs05097.jpg,137
rs05102.jpg,164
rs05103.jpg,35
rs05105.jpg,82
rs05110.jpg,267
rs05116.jpg,1623
rs05118.jpg,15
rs05122.jpg,7709
rs05125.jpg,7551
rs05131.jpg,14461
rs05138.jpg,9989
rs05143.jpg,82
rs05146.jpg,2188
rs05153.jpg,2212
rs05155.jpg,5819
rs05157.jpg,176
rs05161.jpg,574
rs05170.jpg,2634
rs05172.jpg,58
rs05174.jpg,1864
rs05176.jpg,469
rs05177.jpg,67219
rs05185.jpg,1705
rs05191.jpg,10671
rs05196.jpg,7047
rs05197.jpg,2267
rs05204.jpg,99
rs05208.jpg,26192
rs05210.jpg,62
rs05212.jpg,12486
rs05224.jpg,473
rs05229.jpg,77
rs05230.jpg,1613
rs05232.jpg,1908
rs05235.jpg,1766
rs05238.jpg,126
rs05241.jpg,18263
rs05243.jpg,98439
rs05246.jpg,10840
rs05249.jpg,1134
rs05252.jpg,7
rs05253.jpg,1094
rs05254.jpg,1418
rs05258.jpg,27330
rs05261.jpg,835
rs05265.jpg,280
rs05266.jpg,26922
rs05268.jpg,29
rs05269.jpg,562
rs05272.jpg,62
rs05273.jpg,32220
rs05277.jpg,952
rs05282.jpg,45
rs05283.jpg,2021
rs05284.jpg,98
rs05286.jpg,1872
rs05287.jpg,766
rs05288.jpg,3
rs05292.jpg,629
rs05306.jpg,26408
rs05307.jpg,78
rs05310.jpg,75
rs05312.jpg,3676
rs05314.jpg,18291
rs05316.jpg,369
rs05320.jpg,60
rs05324.jpg,450
rs05326.jpg,7
rs05327.jpg,44
rs05337.jpg,38573
rs05341.jpg,115
rs05342.jpg,16188
rs05344.jpg,97
rs05349.jpg,11452
rs05350.jpg,150
rs05351.jpg,1829
rs05353.jpg,756
rs05356.jpg,124142
rs05364.jpg,1197
rs05368.jpg,490
rs05369.jpg,115908
rs05370.jpg,77
rs05372.jpg,71109
rs05374.jpg,10595
rs05377.jpg,55544
rs05381.jpg,12
rs05383.jpg,6
rs05385.jpg,12135
rs05386.jpg,3355
rs05389.jpg,180
rs05391.jpg,444
rs05396.jpg,148
rs05400.jpg,11985
rs05402.jpg,231
rs05404.jpg,12138
rs05406.jpg,31288
rs05407.jpg,2020
rs05408.jpg,499
rs05410.jpg,10175
rs05411.jpg,8402
rs05413.jpg,34875
rs05414.jpg,14904
rs05079.jpg,63530
rs05199.jpg,1982
rs05239.jpg,10848
rs05339.jpg,2175
rs05359.jpg,40
rs05379.jpg,1957
rs05422.jpg,13585
rs05426.jpg,1148
rs05427.jpg,1430
rs05429.jpg,11828
rs05432.jpg,9450
rs05440.jpg,2248
rs05441.jpg,55
rs05447.jpg,4918
rs05452.jpg,2406
rs05464.jpg,14271
rs05466.jpg,1692
rs05467.jpg,14817
rs05469.jpg,408
rs05472.jpg,12492
rs05483.jpg,5866
rs05489.jpg,2
rs05493.jpg,73
rs05494.jpg,31102
rs05498.jpg,79564
rs05502.jpg,85
rs05503.jpg,870
rs05509.jpg,14
rs05511.jpg,236
rs05513.jpg,75
rs05515.jpg,96609
rs05516.jpg,53838
rs05518.jpg,39
rs05520.jpg,2272
rs05521.jpg,267
rs05524.jpg,2075
rs05528.jpg,786
rs05531.jpg,2565
rs05534.jpg,120937
rs05536.jpg,326
rs05541.jpg,2961
rs05542.jpg,115
rs05544.jpg,115
rs05545.jpg,22
rs05547.jpg,144
rs05551.jpg,159
rs05553.jpg,9843
rs05555.jpg,2073
rs05565.jpg,21559
rs05568.jpg,150
rs05570.jpg,6801
rs05571.jpg,4165
rs05573.jpg,4466
rs05575.jpg,92
rs05580.jpg,18195
rs05583.jpg,117
rs05594.jpg,791
rs05597.jpg,616
rs05603.jpg,2726
rs05606.jpg,16568
rs05617.jpg,644
rs05621.jpg,3426
rs05636.jpg,130
rs05649.jpg,27
rs05651.jpg,18955
rs05652.jpg,479
rs05653.jpg,356
rs05655.jpg,4558
rs05657.jpg,39
rs05661.jpg,69904
rs05663.jpg,3906
rs05665.jpg,1166
rs05669.jpg,2441
rs05671.jpg,5050
rs05673.jpg,102
rs05676.jpg,2142
rs05681.jpg,553
rs05684.jpg,2645
rs05690.jpg,8
rs05697.jpg,1926
rs05704.jpg,333
rs05706.jpg,3
rs05713.jpg,226
rs05715.jpg,126959
rs05722.jpg,50
rs05724.jpg,1744
rs05727.jpg,14748
rs05732.jpg,4410
rs05737.jpg,1388
rs05740.jpg,54544
rs05744.jpg,4688
rs05749.jpg,1
rs05760.jpg,68
rs05761.jpg,46
rs05762.jpg,44639
rs05772.jpg,13722
rs05774.jpg,563
rs05776.jpg,26128
rs05479.jpg,3088
rs05499.jpg,65
rs05659.jpg,5319
rs05699.jpg,1975
rs05781.jpg,83
rs05783.jpg,5820
rs05789.jpg,292
rs05790.jpg,2169
rs05794.jpg,27
rs05796.jpg,601
rs05800.jpg,656
rs05802.jpg,2218
rs05813.jpg,1839
rs05814.jpg,754
rs05822.jpg,31423
rs05824.jpg,90
rs05828.jpg,112239
rs05830.jpg,3087
rs05840.jpg,94
rs05842.jpg,16
rs05843.jpg,259
rs05845.jpg,6803
rs05846.jpg,1706
rs05851.jpg,3120
rs05852.jpg,9911
rs05860.jpg,118
rs05862.jpg,1291
rs05870.jpg,11283
rs05871.jpg,12540
rs05877.jpg,164
rs05883.jpg,44764
rs05884.jpg,906
rs05886.jpg,19847
rs05893.jpg,8006
rs05898.jpg,4
rs05902.jpg,296566
rs05904.jpg,75
rs05907.jpg,1405
rs05917.jpg,3855
rs05920.jpg,62
rs05921.jpg,2103
rs05924.jpg,352
rs05927.jpg,2149
rs05931.jpg,456
rs05935.jpg,854
rs05936.jpg,286
rs05941.jpg,58
rs05950.jpg,866
rs05960.jpg,18608
rs05968.jpg,12030
rs05973.jpg,343523
rs05974.jpg,1731
rs05975.jpg,222
rs05977.jpg,16878
rs05986.jpg,498
rs05989.jpg,30027
rs05998.jpg,34161
rs06001.jpg,8441
rs06010.jpg,3339
rs06012.jpg,4890
rs06015.jpg,6258
rs06024.jpg,16336
rs06025.jpg,4695
rs06027.jpg,1644
rs06029.jpg,28404
rs06030.jpg,1618
rs06032.jpg,1902
rs06035.jpg,39759
rs06040.jpg,631
rs06041.jpg,2236
rs06043.jpg,71
rs06044.jpg,356
rs06051.jpg,3980
rs06053.jpg,10
rs06055.jpg,2496
rs06060.jpg,3393
rs06063.jpg,26
rs06064.jpg,7984
rs06065.jpg,88
rs06069.jpg,5579
rs06072.jpg,25
rs06073.jpg,15951
rs06078.jpg,2
rs06083.jpg,40958
rs06084.jpg,272
rs06087.jpg,988
rs06096.jpg,120
rs06097.jpg,72049
rs06100.jpg,1840
rs06101.jpg,3
rs06104.jpg,123389
rs06106.jpg,2579
rs06109.jpg,1129
rs06112.jpg,1166
rs06114.jpg,532
rs06115.jpg,1520
rs06120.jpg,117
rs06122.jpg,1105
rs06124.jpg,314
rs05779.jpg,120
rs05819.jpg,3686
rs05919.jpg,3774
rs05959.jpg,101
rs05999.jpg,27
rs06019.jpg,2325
rs06099.jpg,200
rs06143.jpg,9
rs06144.jpg,57467
rs06145.jpg,701
rs06146.jpg,57
rs06150.jpg,173
rs06151.jpg,6166
rs06156.jpg,459
rs06163.jpg,641
rs06166.jpg,3657
rs06168.jpg,1280
rs06169.jpg,3228
rs06170.jpg,25416
rs06171.jpg,31262
rs06176.jpg,977
rs06180.jpg,307
rs06183.jpg,21735
rs06184.jpg,1035
rs06185.jpg,1260
rs06190.jpg,72164
rs06191.jpg,104
rs06193.jpg,8665
rs06201.jpg,1212
rs06207.jpg,334
rs06210.jpg,71183
rs06215.jpg,3488
rs06223.jpg,41
rs06224.jpg,2941
rs06228.jpg,7740
rs06231.jpg,36
rs06235.jpg,23113
rs06240.jpg,6246
rs06241.jpg,24
rs06243.jpg,428
rs06248.jpg,947
rs06264.jpg,1172
rs06269.jpg,34
rs06270.jpg,1364
rs06274.jpg,9
rs06276.jpg,19176
rs06282.jpg,535
rs06287.jpg,2010
rs06289.jpg,400
rs06297.jpg,88218
rs06304.jpg,5894
rs06320.jpg,39
rs06323.jpg,2017
rs06324.jpg,5
rs06325.jpg,24015
rs06326.jpg,934
rs06327.jpg,821
rs06336.jpg,68183
rs06338.jpg,305
rs06340.jpg,800
rs06347.jpg,2
rs06348.jpg,20511
rs06352.jpg,478
rs06355.jpg,84
rs06360.jpg,21167
rs06364.jpg,4
rs06366.jpg,786
rs06371.jpg,90
rs06375.jpg,19793
rs06376.jpg,135
rs06378.jpg,18272
rs06383.jpg,1905
rs06389.jpg,36224
rs06391.jpg,534
rs06396.jpg,26539
rs06400.jpg,959
rs06401.jpg,4278
rs06403.jpg,1828
rs06408.jpg,566
rs06425.jpg,113987
rs06427.jpg,99575
rs06430.jpg,2348
rs06432.jpg,5583
rs06437.jpg,376
rs06438.jpg,4261
rs06444.jpg,5202
rs06445.jpg,587
rs06446.jpg,22633
rs06447.jpg,100
rs06452.jpg,1112
rs06455.jpg,2774
rs06456.jpg,381
rs06462.jpg,10272
rs06463.jpg,3
rs06464.jpg,6738
rs06465.jpg,11008
rs06468.jpg,151
rs06485.jpg,27
rs06488.jpg,2
rs06492.jpg,1601
rs06495.jpg,3525
rs06159.jpg,126
rs06259.jpg,3482
rs06299.jpg,78734
rs06319.jpg,224
rs06459.jpg,6344
rs06500.jpg,3825
rs06502.jpg,141786
rs06507.jpg,28400
rs06512.jpg,14
rs06513.jpg,9722
rs06514.jpg,12491
rs06517.jpg,1156
rs06520.jpg,67
rs06531.jpg,248
rs06542.jpg,247
rs06543.jpg,11129
rs06544.jpg,139308
rs06548.jpg,2180
rs06555.jpg,530
rs06566.jpg,509
rs06577.jpg,48530
rs06578.jpg,3572
rs06580.jpg,4695
rs06583.jpg,68827
rs06586.jpg,2727
rs06594.jpg,412
rs06596.jpg,1
rs06598.jpg,14
rs06604.jpg,1518
rs06605.jpg,4562
rs06611.jpg,42844
rs06615.jpg,17
rs06618.jpg,62578
rs06620.jpg,214
rs06623.jpg,4090
rs06629.jpg,177
rs06630.jpg,945
rs06631.jpg,13
rs06633.jpg,1238
rs06637.jpg,231
rs06640.jpg,566
rs06641.jpg,220
rs06654.jpg,41171
rs06656.jpg,358
rs06663.jpg,4388
rs06665.jpg,1401
rs06666.jpg,19836
rs06667.jpg,16947
rs06670.jpg,9
rs06672.jpg,151
rs06682.jpg,1128
rs06689.jpg,1480
rs06693.jpg,40
rs06695.jpg,84
rs06700.jpg,26971
rs06703.jpg,1741
rs06705.jpg,178
rs06706.jpg,1
rs06707.jpg,74
rs06708.jpg,312
rs06709.jpg,33810
rs06710.jpg,73
rs06711.jpg,4
rs06716.jpg,892
rs06720.jpg,120
rs06721.jpg,206
rs06722.jpg,15255
rs06724.jpg,1530
rs06731.jpg,44252
rs06732.jpg,70201
rs06733.jpg,405
rs06741.jpg,3386
rs06743.jpg,696
rs06745.jpg,80
rs06749.jpg,36037
rs06751.jpg,5999
rs06755.jpg,3797
rs06757.jpg,5175
rs06758.jpg,8399
rs06770.jpg,317
rs06777.jpg,670
rs06778.jpg,669
rs06783.jpg,3467
rs06784.jpg,246
rs06786.jpg,10
rs06794.jpg,1956
rs06795.jpg,11215
rs06796.jpg,406
rs06797.jpg,2883
rs06802.jpg,2154
rs06804.jpg,25047
rs06808.jpg,673
rs06811.jpg,4760
rs06813.jpg,114
rs06814.jpg,842
rs06824.jpg,33086
rs06825.jpg,548
rs06827.jpg,104
rs06833.jpg,20759
rs06843.jpg,1179
rs06845.jpg,1111
rs06846.jpg,180
rs06848.jpg,314
rs06850.jpg,4816
rs06857.jpg,57
rs06858.jpg,690
rs06519.jpg,6128
rs06539.jpg,60716
rs06559.jpg,4942
rs06599.jpg,3168
rs06679.jpg,563
rs06719.jpg,27
rs06779.jpg,61
rs06863.jpg,192
rs06865.jpg,102
rs06867.jpg,669
rs06869.jpg,13115
rs06870.jpg,8282
rs06871.jpg,99860
rs06884.jpg,15557
rs06887.jpg,455
rs06896.jpg,12872
rs06901.jpg,18
rs06902.jpg,9475
rs06904.jpg,209
rs06907.jpg,2919
rs06909.jpg,2239
rs06910.jpg,20533
rs06912.jpg,81
rs06916.jpg,17735
rs06921.jpg,19322
rs06930.jpg,69235
rs06934.jpg,11365
rs06937.jpg,79774
rs06938.jpg,115692
rs06942.jpg,269
rs06944.jpg,44
rs06953.jpg,57
rs06961.jpg,487
rs06963.jpg,1293
rs06967.jpg,1103
rs06969.jpg,64
rs06973.jpg,2327
rs06978.jpg,192
rs06980.jpg,45
rs06982.jpg,1528
rs06983.jpg,42
rs06984.jpg,3
rs06985.jpg,238
rs06986.jpg,2019
rs06988.jpg,2176
rs06989.jpg,3782
rs06990.jpg,88
rs06992.jpg,19981
rs06997.jpg,155
rs07001.jpg,2109
rs07005.jpg,1081
rs07007.jpg,1659
rs07010.jpg,40
rs07014.jpg,211
rs07020.jpg,10896
rs07024.jpg,9791
rs07027.jpg,9185
rs07030.jpg,617
rs07032.jpg,892
rs07034.jpg,59
rs07037.jpg,5677
rs07040.jpg,168
rs07041.jpg,472
rs07043.jpg,10540
rs07045.jpg,1541
rs07050.jpg,50
rs07052.jpg,307
rs07055.jpg,34701
rs07060.jpg,1360
rs07061.jpg,96215
rs07062.jpg,386
rs07065.jpg,168
rs07066.jpg,2352
rs07070.jpg,224
rs07071.jpg,2201
rs07080.jpg,2239
rs07088.jpg,217
rs07090.jpg,245
rs07091.jpg,7753
rs07094.jpg,3728
rs07097.jpg,89434
rs07102.jpg,2914
rs07103.jpg,42
rs07111.jpg,51
rs07115.jpg,1528
rs07118.jpg,332
rs07123.jpg,909
rs07127.jpg,28
rs07133.jpg,6957
rs07136.jpg,99673
rs07138.jpg,3574
rs07141.jpg,148082
rs07146.jpg,1297
rs07150.jpg,9
rs07156.jpg,149
rs07157.jpg,145
rs07158.jpg,53151
rs07162.jpg,500
rs07172.jpg,608
rs07180.jpg,465
rs07181.jpg,78
rs07184.jpg,27759
rs07186.jpg,231
rs07192.jpg,366
rs07193.jpg,562
rs07194.jpg,91
rs07195.jpg,83
rs07204.jpg,13
rs07205.jpg,4461
rs07207.jpg,220
rs07212.jpg,662
rs07213.jpg,619
rs07216.jpg,53135
rs07217.jpg,18805
rs06879.jpg,674
rs06899.jpg,105
rs07059.jpg,910
rs07139.jpg,3805
rs07179.jpg,74
rs07220.jpg,214
rs07226.jpg,83297
rs07228.jpg,1842
rs07229.jpg,77
rs07232.jpg,7634
rs07233.jpg,9287
rs07240.jpg,1427
rs07246.jpg,5998
rs07247.jpg,42164
rs07251.jpg,357
rs07252.jpg,247
rs07263.jpg,2497
rs07274.jpg,12
rs07277.jpg,94
rs07282.jpg,4096
rs07283.jpg,20952
rs07284.jpg,1752
rs07285.jpg,12239
rs07291.jpg,133
rs07293.jpg,562
rs07295.jpg,196
rs07296.jpg,358
rs07303.jpg,27380
rs07311.jpg,1271
rs07315.jpg,920
rs07316.jpg,49818
rs07317.jpg,190
rs07321.jpg,7
rs07323.jpg,116745
rs07327.jpg,2162
rs07331.jpg,1343
rs07332.jpg,6095
rs07334.jpg,1125
rs07335.jpg,15967
rs07342.jpg,40120
rs07344.jpg,1241
rs07348.jpg,162
rs07350.jpg,2432
rs07357.jpg,304
rs07360.jpg,1098
rs07361.jpg,538
rs07368.jpg,3335
rs07369.jpg,26556
rs07371.jpg,1823
rs07388.jpg,7
rs07391.jpg,37353
rs07396.jpg,106
rs07398.jpg,101
rs07409.jpg,2788
rs07412.jpg,613
rs07427.jpg,1729
rs07428.jpg,61
rs07437.jpg,20
rs07440.jpg,178
rs07443.jpg,362
rs07451.jpg,716
rs07452.jpg,318
rs07453.jpg,1800
rs07456.jpg,235
rs07457.jpg,15590
rs07458.jpg,182
rs07467.jpg,311
rs07472.jpg,3294
rs07475.jpg,61260
rs07477.jpg,5855
rs07481.jpg,1
rs07483.jpg,29
rs07487.jpg,18446
rs07489.jpg,45
rs07492.jpg,79
rs07493.jpg,296
rs07494.jpg,39
rs07501.jpg,104
rs07510.jpg,4
rs07514.jpg,1097
rs07516.jpg,1
rs07518.jpg,3888
rs07528.jpg,24
rs07532.jpg,46391
rs07533.jpg,6075
rs07541.jpg,53
rs07543.jpg,58101
rs07554.jpg,317
rs07555.jpg,1445
rs07557.jpg,349
rs07561.jpg,485
rs07562.jpg,11
rs07563.jpg,11
rs07564.jpg,3544
rs07565.jpg,121
rs07566.jpg,1
rs07569.jpg,39521
rs07573.jpg,402
rs07239.jpg,69
rs07259.jpg,20
rs07319.jpg,5901
rs07339.jpg,7050
rs07459.jpg,33607
rs07581.jpg,22507
rs07584.jpg,14593
rs07593.jpg,19343
rs07595.jpg,69496
rs07597.jpg,6767
rs07603.jpg,5641
rs07607.jpg,263
rs07609.jpg,1134
rs07613.jpg,27346
rs07623.jpg,3775
rs07625.jpg,521
rs07628.jpg,14864
rs07629.jpg,543
rs07632.jpg,280
rs07638.jpg,1761
rs07648.jpg,887
rs07651.jpg,2141
rs07655.jpg,686
rs07658.jpg,861
rs07662.jpg,861
rs07670.jpg,6325
rs07676.jpg,625
rs07680.jpg,8823
rs07681.jpg,15
rs07682.jpg,67
rs07687.jpg,318
rs07691.jpg,2691
rs07697.jpg,3753
rs07704.jpg,4416
rs07706.jpg,278
rs07710.jpg,44
rs07711.jpg,36898
rs07715.jpg,1832
rs07718.jpg,23480
rs07721.jpg,5902
rs07724.jpg,11169
rs07733.jpg,9889
rs07736.jpg,5894
rs07738.jpg,4406
rs07742.jpg,687
rs07743.jpg,16220
rs07746.jpg,245
rs07747.jpg,1696
rs07750.jpg,30554
rs07754.jpg,129
rs07757.jpg,1548
rs07761.jpg,756
rs07767.jpg,124227
rs07770.jpg,90
rs07775.jpg,5019
rs07780.jpg,28993
rs07784.jpg,8611
rs07789.jpg,727
rs07796.jpg,4657
rs07802.jpg,397
rs07806.jpg,7394
rs07808.jpg,19595
rs07811.jpg,17
rs07820.jpg,8497
rs07822.jpg,28975
rs07828.jpg,592
rs07834.jpg,326
rs07835.jpg,136
rs07838.jpg,18375
rs07842.jpg,13643
rs07843.jpg,1105
rs07844.jpg,10634
rs07846.jpg,73
rs07847.jpg,1159
rs07848.jpg,5745
rs07851.jpg,5491
rs07852.jpg,778
rs07855.jpg,60
rs07856.jpg,1202
rs07867.jpg,169
rs07883.jpg,2582
rs07884.jpg,12018
rs07885.jpg,2512
rs07888.jpg,13831
rs07893.jpg,847
rs07898.jpg,27474
rs07900.jpg,59
rs07903.jpg,27843
rs07911.jpg,1543
rs07920.jpg,15220
rs07923.jpg,133
rs07926.jpg,2
rs07928.jpg,3
rs07619.jpg,454
rs07659.jpg,2413
rs07759.jpg,426
rs07839.jpg,214
rs07941.jpg,13
rs07944.jpg,862
rs07948.jpg,59491
rs07949.jpg,998
rs07953.jpg,133
rs07954.jpg,222
rs07957.jpg,1391
rs07960.jpg,55558
rs07968.jpg,48
rs07969.jpg,254
rs07976.jpg,5738
rs07981.jpg,3135
rs07989.jpg,10555
rs07993.jpg,550
rs07995.jpg,153689
rs07996.jpg,18655
rs08001.jpg,2694
rs08007.jpg,132675
rs08008.jpg,2891
rs08009.jpg,29041
rs08013.jpg,2626
rs08017.jpg,82
rs08020.jpg,86
rs08026.jpg,113920
rs08027.jpg,511
rs08028.jpg,49
rs08030.jpg,11
rs08033.jpg,9
rs08035.jpg,1710
rs08037.jpg,13993
rs08041.jpg,21
rs08056.jpg,1139
rs08062.jpg,187
rs08063.jpg,353
rs08068.jpg,3667
rs08069.jpg,129
rs08070.jpg,2285
rs08073.jpg,36
rs08077.jpg,1079
rs08078.jpg,196
rs08081.jpg,2065
rs08083.jpg,1019
rs08086.jpg,1240
rs08088.jpg,2
rs08093.jpg,56232
rs08101.jpg,1587
rs08105.jpg,24711
rs08106.jpg,3356
rs08109.jpg,1009
rs08121.jpg,684
rs08122.jpg,2207
rs08126.jpg,253
rs08127.jpg,3227
rs08129.jpg,384
rs08131.jpg,594
rs08133.jpg,1350
rs08137.jpg,9070
rs08138.jpg,164
rs08140.jpg,41
rs08143.jpg,2942
rs08147.jpg,189
rs08152.jpg,12
rs08153.jpg,375
rs08155.jpg,224
rs08163.jpg,49
rs08164.jpg,865
rs08166.jpg,4059
rs08167.jpg,1536
rs08169.jpg,251
rs08173.jpg,62
rs08176.jpg,160
rs08184.jpg,11332
rs08185.jpg,13779
rs08190.jpg,192
rs08191.jpg,23864
rs08193.jpg,646
rs08195.jpg,1884
rs08197.jpg,2
rs08198.jpg,1189
rs08204.jpg,49388
rs08208.jpg,4
rs08209.jpg,91
rs08211.jpg,48
rs08212.jpg,927
rs08213.jpg,2061
rs08215.jpg,5270
rs08227.jpg,220
rs08228.jpg,3335
rs08229.jpg,2360
rs08244.jpg,114
rs08245.jpg,7
rs08249.jpg,1671
rs08251.jpg,40
rs08257.jpg,218
rs08260.jpg,37850
rs08264.jpg,660
rs08275.jpg,1650
rs08287.jpg,30
rs08289.jpg,4104
rs08290.jpg,89219
rs08291.jpg,1648
rs08296.jpg,409
rs08297.jpg,63
rs08298.jpg,12205
rs08019.jpg,1121
rs08199.jpg,14370
rs08259.jpg,2589
rs08279.jpg,2894
rs08299.jpg,6
rs08379.jpg,234
rs08399.jpg,33
rs08300.jpg,371
rs08304.jpg,1615
rs08311.jpg,308
rs08314.jpg,88
rs08323.jpg,230
rs08328.jpg,1983
rs08330.jpg,14920
rs08332.jpg,9094
rs08335.jpg,136
rs08340.jpg,4040
rs08342.jpg,3520
rs08358.jpg,37
rs08360.jpg,9
rs08361.jpg,218
rs08363.jpg,9851
rs08365.jpg,16646
rs08366.jpg,2
rs08372.jpg,7008
rs08373.jpg,626
rs08378.jpg,7078
rs08385.jpg,250
rs08398.jpg,36689
rs08401.jpg,68836
rs08404.jpg,1441
rs08414.jpg,19258
rs08416.jpg,1608
rs08418.jpg,244
rs08428.jpg,6
rs08430.jpg,3356
rs08431.jpg,132
rs08435.jpg,44
rs08443.jpg,550
rs08449.jpg,607
rs08456.jpg,534
rs08461.jpg,1185
rs08462.jpg,66747
rs08467.jpg,140
rs08471.jpg,8827
rs08473.jpg,16986
rs08481.jpg,1861
rs08485.jpg,558
rs08498.jpg,1873
